901560,292971,field_data,start_date
901561,292972,field_data,start_date
901562,292973,field_data,start_date
901563,309087,field_data,start_date
698003,309087,field_data,start_date
698001,292972,field_data,start_date
698002,292973,field_data,start_date
698000,292971,field_data,start_date
697991,292971,field_data,start_date
697992,292972,field_data,start_date
697993,292973,field_data,start_date
697994,309087,field_data,start_date
263915,345185,field_data,start_date
697673,301972,field_data,start_date
697678,301972,field_data,start_date
829215,302542,field_data,start_date
709741,302542,field_data,start_date
744351,302542,field_data,start_date
789919,301971,field_data,start_date
884960,301971,field_data,start_date
789918,301972,field_data,start_date
789920,301972,field_data,start_date
884961,301972,field_data,start_date
884962,301972,field_data,start_date
708822,301971,field_data,start_date
884959,301971,field_data,start_date
884963,301972,field_data,start_date
263912,301972,field_data,start_date
263913,302542,field_data,start_date
317400,301971,field_data,start_date
317402,301972,field_data,start_date
894415,301972,field_data,start_date
763623,302542,field_data,start_date
744532,301971,field_data,start_date
744350,301972,field_data,start_date
263911,301972,field_data,start_date
297426,,wed_anniversary,